sk-learn,numpy
26817.810112651947,26817.810112663938
15938.660917783527,15938.660917797484
10426.854657058255,10426.854657070406
14442.086971698096,14442.086971711818
24708.84915515576,24708.84915516894
6636.97422662174,6636.974226634615
9075.329836453464,9075.329836465331
7477.778124098644,7477.778124112394
11861.591743359058,11861.591743372403
9370.160467105256,9370.160467119167
17095.312946628117,17095.31294664186
6831.175337980712,6831.175337994933
16502.931744716654,16502.931744726207
8246.183500676183,8246.183500688916
41174.74458345304,41174.744583466134
5997.785158060327,5997.78515807401
-4024.466520922295,-4024.4665209090126
14578.350336511292,14578.350336521215
10659.747497721022,10659.747497732713
11470.90154746492,11470.901547478054
10756.363113740954,10756.363113754247
22963.909428039216,22963.909428052517
6744.897330503278,6744.897330515752
-2347.491361470158,-2347.4913614556644
6679.510312165894,6679.510312178412
26718.79993709094,26718.79993710341
13485.355493318384,13485.35549332905
17257.940501360732,17257.940501372974
6578.82304134349,6578.823041356798
17090.54834394851,17090.54834396052
24421.45917263221,24421.45917264499
6676.341226413271,6676.341226425793
7728.461925075171,7728.461925090851
24885.916687177145,24885.916687190696
8445.718200593728,8445.718200605705
24001.37892508661,24001.378925099496
10391.877673154078,10391.877673168174
9574.302725460315,9574.302725471485
4345.388235736187,4345.38823574952
14583.492589255671,14583.492589265528
9708.25526137276,9708.255261386907
