dataset,pValueRF(sklearn/numpy),pValueGBDT(TensorFlow/PyTorch)
analcatdata_bondrate,0.3878211062358886, 0.0019194644992197576
analcatdata_creditscore,0.7115933764897868, 0.7115933764897868
corporate_credit_rating,0.25644376498919574, 0.7914468701799688
credit_approval,0.8102138986008305, 0.6309060922873898
creditcard_fraud_detection,0.4858357800417099, 1.6347193940525292e-105
credit_customers,0.7992723273846806, 0.8177985265801324
default_credit_card_clients,0.6585895284950986, 0.04547890385522804
give_me_some_credit,4.971232254130442e-25, 0.024238556214379935
home_credit_default_risk,6.820597431514229e-55, 4.1971615308365453e-07
taiwanese_bankruptcy_prediction,0.000532999105560957, 0.28607672894358604
tvs_loan_default,1.0741821673139725e-17, 0.45995989802803017